R^2,Adjusted R^2,MAE,RMSE
0.9975497156681291,0.9975496747172815,110.7221579619695,190.5725870978322
